年月,臺北市,新北市,臺中市,臺南市,高雄市,宜蘭縣,桃園市,新竹市,新竹縣,苗栗縣,彰化縣,南投縣,雲林縣,嘉義市,嘉義縣,屏東縣,臺東縣,花蓮縣,澎湖縣,基隆市,金門縣,連江縣
87年1月,2600118,3423966,2352337,1814834,2665651,466682,1616691.0,352136,422202,560685,1298468,546873,752069,262891,567756,913672,252985,358259,91244,379543,51245,8281
87年2月,2601042,3427995,2353998,1813560,2668917,466301,1619514.0,352110,423093,560430,1299865,546455,754221,261915,568508,912886,253051,357811,91998,378935,51142,8458
87年3月,2605761,3431846,2357761,1814029,2671124,466047,1622775.0,352528,423536,560118,1299892,546316,752619,262200,568134,912639,252645,357511,91755,379200,51104,8178
87年4月,2608827,3435477,2360794,1814910,2672941,466056,1625680.0,353004,423979,559907,1299865,546175,752019,262455,567682,912370,252298,357332,91508,379613,51092,8070
87年5月,2612246,3439484,2363879,1815956,2674837,466109,1628391.0,353467,424371,559857,1299324,546059,751616,262681,567290,912155,252075,357235,91122,379869,51055,7939
87年6月,2622171,3440211,2367275,1817148,2677692,466001,1632365.0,353852,424844,559693,1298767,545710,750722,263074,565878,911155,251486,356971,90128,380298,51062,7269
87年7月,2628310,3442569,2370326,1817976,2680135,465825,1635679.0,354267,425348,559445,1298952,545540,750333,262947,565738,910770,251115,356836,89774,380656,51078,6972
87年8月,2631230,3446373,2374121,1818946,2681994,465747,1639605.0,354592,425994,559446,1299350,545695,749910,262983,565700,910477,250636,356727,89581,381020,51140,6886
87年9月,2633363,3449580,2376992,1819664,2683956,465723,1643005.0,355064,426544,559477,1299693,545648,749656,263019,565584,910535,250190,356668,89565,381336,51132,6818
87年10月,2635524,3452474,2379602,1820565,2685729,465660,1645359.0,355450,427098,559729,1300354,545790,749423,262955,565694,910513,250015,356719,89584,381542,51131,6769
87年11月,2638565,3454233,2382088,1821342,2687529,465684,1647652.0,355802,427517,559892,1301121,545856,749503,262960,565916,910709,249968,356653,89588,381695,51102,6728
87年12月,2639939,3459624,2385367,1822102,2689374,465627,1650984.0,356243,427980,559858,1301467,545874,748995,263050,565733,910540,249937,356601,89463,382118,51060,6655
88年1月,2640465,3463699,2388219,1822798,2690504,465328,1654261.0,356579,428376,559804,1301796,545878,748505,263222,565552,910317,249750,356619,89360,382277,51018,6622
88年2月,2640102,3467237,2390889,1823381,2691674,465261,1656955.0,356888,428823,559692,1302267,545844,748387,263275,565320,910125,249534,356640,89309,382450,51033,6591
88年3月,2640285,3472501,2394513,1824120,2693096,465095,1660709.0,357609,429294,559555,1302416,545756,747877,263171,565038,910011,249158,356440,89181,382718,51087,6552
88年4月,2640225,3477100,2397926,1825355,2694111,464892,1663777.0,357993,429771,559401,1302530,545640,747623,263230,564978,909899,248957,356290,89213,382832,51142,6559
88年5月,2640014,3481734,2401439,1826403,2695744,464872,1667071.0,358490,430346,559499,1302741,545562,747320,263387,564668,909774,248773,356049,89147,383011,51203,6550
88年6月,2640322,3485455,2405429,1827467,2696870,464892,1670756.0,359087,430639,559404,1302531,545321,747207,264286,563718,909583,248582,356113,89164,383272,51261,6532
88年7月,2640318,3489921,2408556,1828237,2698125,464890,1674796.0,359537,431163,559498,1303115,545315,746882,264370,563653,909478,248400,355992,89115,383488,51311,6555
88年8月,2639169,3494909,2412240,1828756,2699353,464900,1679135.0,360097,431772,559329,1303476,545181,746531,264456,563445,909052,248208,355829,89093,383927,51392,6561
88年9月,2638249,3499713,2414419,1829315,2700474,464854,1682484.0,360737,432153,559319,1303603,544762,746632,264351,563413,908907,247986,355721,89114,384120,51462,6568
88年10月,2638204,3503866,2416706,1829970,2702425,464982,1685553.0,361263,432700,559528,1304177,544285,746598,263914,563764,908941,247969,355640,89072,384541,51554,6575
88年11月,2639869,3507055,2419327,1830808,2704099,465056,1688333.0,361609,433206,559708,1304871,544260,746450,264173,563433,909040,247900,355688,89045,384870,51637,6563
88年12月,2641312,3510917,2421996,1831783,2705857,465004,1691292.0,361958,433767,559804,1305640,544038,746241,265109,562662,909015,247801,355686,89013,385201,51731,6560
89年1月,2643340,3514197,2424383,1832587,2707151,464986,1694209.0,362274,434122,559897,1306261,543867,746189,265165,562494,909025,247660,355694,89017,385365,51781,6576
89年2月,2645593,3519200,2426990,1833029,2708372,464983,1697509.0,362781,434480,559842,1306298,543447,745537,265090,562391,908465,247456,355389,88930,385733,51808,6620
89年3月,2646861,3524200,2430304,1834183,2709691,464965,1700995.0,363409,434704,559754,1306659,542819,745047,265182,562240,908178,247162,355180,88855,385888,51883,6618
89年4月,2647085,3527978,2433371,1834890,2710992,464858,1704008.0,364031,435125,559534,1306972,542576,744524,265337,562096,907773,246881,355040,88948,386106,52001,6607
89年5月,2646989,3532439,2436906,1835832,2712387,464853,1707451.0,364397,435318,559520,1307083,542259,744082,265505,561714,907573,246664,354746,88991,386239,52139,6571
89年6月,2646753,3537707,2440445,1836508,2713536,464694,1711139.0,364978,435753,559265,1306848,541792,743653,265713,561467,907301,246386,354329,89029,386430,52215,6588
89年7月,2647614,3542242,2443915,1837478,2715091,464860,1714495.0,365528,436276,559246,1307187,541571,743451,265693,561514,907177,246149,354029,89124,386664,52291,6581
89年8月,2646187,3546941,2447317,1838313,2716859,464732,1718590.0,366093,437008,559272,1307631,541353,743536,265832,561550,906903,245764,353907,89203,386933,52496,6614
89年9月,2645314,3551713,2450587,1839076,2718865,464728,1722524.0,366683,437770,559400,1308207,541343,743327,265839,561652,907028,245355,353694,89298,387298,52641,6607
89年10月,2645456,3556618,2453848,1839942,2721292,464907,1726036.0,367202,438413,559544,1309006,541344,743439,266012,561806,907189,245360,353661,89397,387800,52936,6638
89年11月,2645979,3561626,2456834,1841258,2723443,465108,1729261.0,367929,439070,559593,1309689,541467,743540,266144,562025,907376,245299,353644,89415,388108,53293,6687
89年12月,2646474,3567896,2460098,1842337,2725267,465186,1732617.0,368439,439713,559703,1310531,541537,743368,266183,562305,907590,245312,353630,89496,388425,53832,6733
90年1月,2647076,3571054,2462434,1842973,2726727,465238,1735218.0,368749,440202,559822,1311134,541669,743292,266297,562303,907585,245226,353700,89594,388658,54484,6790
90年2月,2645881,3574612,2464994,1843200,2727634,465034,1738094.0,369242,440715,559640,1311233,541427,743046,266414,561978,907138,245002,353365,89728,388791,54901,6862
90年3月,2644602,3578882,2467469,1843972,2728097,464895,1740396.0,369622,441232,559577,1311378,541303,742653,266596,561826,906975,244791,353272,89830,388987,55153,6989
90年4月,2643578,3582610,2469740,1844473,2728500,464843,1742623.0,370135,441741,559566,1311534,541213,742413,266775,561931,906829,244583,353193,90028,389189,55443,7294
90年5月,2641820,3586885,2472021,1844643,2728739,464712,1745489.0,370611,442189,559640,1311710,541155,742286,266712,562699,906687,244430,353006,90366,389483,55753,7735
90年6月,2641036,3589787,2474738,1845315,2728750,466051,1748057.0,371017,442766,559526,1311675,540987,742275,266858,562813,906505,244275,352778,90719,389732,55950,7926
90年7月,2639619,3593315,2476637,1845430,2729031,465825,1750731.0,371295,443316,559579,1311923,541242,742219,267821,562978,906799,244219,352809,91052,389992,56215,8316
90年8月,2636811,3597675,2478557,1846110,2729038,465785,1754074.0,371871,443893,559778,1312325,541238,742196,267996,562849,907178,244148,352873,91454,390491,56459,8499
90年9月,2634686,3600382,2479926,1846519,2728549,465750,1755741.0,372100,444370,559970,1312642,541266,742545,268118,563059,907919,244206,352840,91965,390445,56631,8873
90年10月,2634429,3603652,2482154,1847545,2729779,465775,1758293.0,372477,444983,560196,1313215,541475,742837,268093,563309,908229,244269,353031,92033,390577,56757,8862
90年11月,2634614,3606602,2483994,1847932,2730646,465818,1760435.0,372804,445561,560376,1313839,541748,742980,268215,563450,908673,244338,353044,91958,390757,56837,8867
90年12月,2633802,3610252,2485968,1848243,2731415,465799,1762963.0,373296,446300,560640,1313994,541818,743562,267993,563365,909364,244612,353139,92268,390966,56958,8851
91年1月,2632515,3612495,2487104,1848293,2731441,465966,1764870.0,373691,446977,560903,1314591,542007,744176,267711,563519,909602,245022,353068,92889,390906,57205,9096
91年2月,2632010,3614389,2487759,1848250,2731082,466230,1766106.0,373841,447610,561166,1315034,542181,744830,267140,564055,910584,245630,353120,93159,390636,57412,9569
91年3月,2632789,3617031,2489711,1848792,2733019,466015,1768783.0,374237,448088,561059,1314961,542109,744341,267212,563691,909367,245374,353008,92702,390732,57482,9469
91年4月,2634028,3619940,2492239,1849165,2735234,465837,1771227.0,374797,448513,561001,1314948,542002,743998,267241,563470,908466,245133,352837,92379,390924,57644,9412
91年5月,2633611,3623112,2494285,1849262,2735847,465639,1774232.0,375392,449030,560972,1315070,541806,743713,267479,563114,908150,244906,352672,92419,390915,57781,9410
91年6月,2635678,3625669,2496283,1849656,2736908,465150,1777100.0,375862,449416,560722,1315075,541385,743415,267592,562606,907479,244631,352459,92424,390764,57892,9322
91年7月,2638142,3627654,2498388,1849970,2738131,464871,1779974.0,376279,450045,560527,1314995,541106,743229,267480,562537,906768,244345,352235,92536,390765,58047,9152
91年8月,2637623,3630765,2500321,1850421,2738985,464697,1783043.0,376765,450546,560474,1315102,540818,742708,267499,562397,906472,244138,352057,92521,390992,58222,9019
91年9月,2637215,3633592,2502098,1850899,2739720,464453,1785572.0,377219,451011,560453,1315352,540788,742904,267620,562306,906353,243919,352064,92470,391047,58377,8932
91年10月,2639094,3635368,2504197,1851491,2740750,464324,1788190.0,377777,451492,560586,1315719,540927,742873,267763,562353,906353,243855,352039,92496,391189,58582,8867
91年11月,2641786,3636811,2506088,1851978,2741999,464279,1790231.0,378125,452097,560735,1315951,541040,742733,267784,562639,906168,243835,352149,92443,391276,58727,8819
91年12月,2641856,3641446,2508495,1852664,2742905,464107,1792603.0,378797,452679,560766,1316179,541292,742797,267907,562394,906178,243965,352154,92446,391450,58933,8763
92年1月,2640303,3644747,2509921,1852839,2743534,464119,1794639.0,379182,453193,560793,1316320,541412,742998,267981,562467,906210,243947,352147,92460,391566,59140,8755
92年2月,2639139,3647919,2511163,1852946,2743683,463989,1796701.0,379541,453431,560760,1316404,541386,742767,268189,562010,906008,243834,351949,92434,391626,59311,8761
92年3月,2638065,3651248,2513013,1853206,2744120,463954,1799061.0,379938,453906,560581,1316256,541222,742406,268263,561747,905660,243581,351631,92366,391657,59517,8757
92年4月,2636955,3654067,2514871,1853307,2744155,463797,1800818.0,380307,454297,560591,1316280,541010,742193,268557,561318,905333,243718,351495,92344,391682,59594,8740
92年5月,2633645,3657049,2516534,1853518,2743943,463664,1803177.0,380589,454862,560479,1316131,540904,741942,268755,561252,905154,244031,351327,92328,391694,59601,8713
92年6月,2631380,3659211,2518745,1853932,2743935,463606,1805707.0,381035,455354,560488,1315827,540682,741930,268947,560968,904794,243967,351206,92298,391828,59695,8718
92年7月,2629874,3661597,2520551,1854390,2744188,463458,1808525.0,381456,455907,560574,1315896,540667,741677,269130,560810,904552,243886,351299,92280,391790,59777,8712
92年8月,2628160,3664693,2522182,1854590,2744311,463451,1811298.0,381624,456621,560623,1315834,540594,741352,269231,560667,904241,243563,351269,92301,391879,59996,8723
92年9月,2626320,3667967,2524052,1854830,2744639,463325,1814299.0,381845,457453,560635,1315638,540375,741222,269313,560508,903922,243257,351238,92303,391909,60183,8732
92年10月,2626652,3670635,2525887,1855389,2745433,463310,1817035.0,382154,458135,560753,1315877,540401,741020,269396,560437,903803,243163,351232,92293,392052,60482,8742
92年11月,2626723,3672976,2527587,1855950,2746092,463328,1819433.0,382515,458743,560938,1316034,540425,740782,269503,560449,903887,243061,351249,92262,392200,60731,8773
92年12月,2627138,3676533,2529763,1856461,2746819,463285,1822075.0,382897,459287,560903,1316443,540397,740501,269594,560410,903772,242842,351146,92253,392242,60983,8806
93年1月,2627382,3678667,2531028,1856647,2747242,463215,1824247.0,383158,459726,560830,1316650,540180,739951,269584,560289,903721,242685,351045,92238,392214,61159,8807
93年2月,2627843,3681494,2532194,1856503,2747538,462930,1826610.0,383370,460349,560798,1316706,539949,739166,269592,559881,903412,242393,350829,92068,392344,61215,8813
93年3月,2627029,3684017,2533578,1856724,2747676,462758,1828926.0,383655,460927,560863,1316771,539899,738703,269681,559789,903162,242225,350587,91949,392403,61332,8824
93年4月,2625895,3686687,2535305,1857129,2747800,462614,1831409.0,384044,461566,560597,1316321,539721,738298,269930,559329,902639,241955,350468,91885,392487,61614,8896
93年5月,2625512,3689664,2537066,1857650,2747706,462477,1834045.0,384384,462169,560453,1315886,539431,738158,270143,558932,902323,241676,350135,91840,392342,61757,8912
93年6月,2625445,3692115,2538838,1857989,2748420,462313,1837050.0,384843,462718,560497,1316045,538965,738213,270156,558501,901765,241332,349976,91822,392279,61990,8978
93年7月,2624858,3694608,2540228,1858371,2748896,462285,1839691.0,385267,463321,560465,1316137,538834,737987,270152,558254,901507,241192,349733,91796,392256,62209,9113
93年8月,2624139,3697246,2541397,1858792,2749340,462249,1842468.0,385583,464033,560520,1316124,538711,737558,270157,557955,901114,240869,349625,91767,392313,62493,9189
93年9月,2621641,3700163,2542701,1858965,2749462,462232,1845608.0,385771,465161,560475,1316171,538713,737358,270241,557842,900686,240739,349360,91783,392289,62753,9227
93年10月,2621826,3702715,2544326,1859456,2750264,462240,1847977.0,385999,465742,560563,1316420,538657,737213,270254,557921,900599,240596,349320,91742,392214,62986,9244
93年11月,2622565,3705291,2546236,1859955,2751136,462271,1850605.0,386647,466364,560700,1316820,538537,737009,270286,557898,900361,240529,349252,91753,392220,63246,9259
93年12月,2622472,3708099,2548332,1860591,2751602,462286,1853029.0,386950,467246,560643,1316762,538413,736772,270341,557903,900199,240373,349149,91808,392337,64456,9359
94年1月,2621942,3710999,2549910,1860885,2751905,462165,1855317.0,387148,467874,560538,1316795,538301,736348,270554,557736,900023,240291,348970,91864,392385,64907,9492
94年2月,2621441,3713288,2551063,1861065,2752015,462048,1857194.0,387567,468340,560395,1316767,538275,736086,270665,557605,899809,240082,348729,91903,392435,65282,9573
94年3月,2619022,3714873,2552429,1861011,2751879,461978,1859220.0,387861,469217,560070,1316453,538245,735511,270693,557346,899460,239870,348539,91871,392250,65843,9654
94年4月,2618706,3716957,2553633,1861092,2752243,461879,1861115.0,388158,470108,559902,1316214,538080,735062,270900,556973,898980,239706,348355,91894,392218,66328,9777
94年5月,2617694,3720121,2555356,1861452,2751865,461745,1863483.0,388515,471219,559657,1315900,537688,734960,271446,556568,898705,239574,348208,92012,392303,66690,9869
94年6月,2617386,3722490,2557299,1861669,2751702,461695,1865923.0,388887,472206,559509,1315471,537554,734584,271609,556999,898480,239432,348078,92104,392365,67120,9997
94年7月,2616793,3725057,2558575,1861735,2751990,461672,1868572.0,389150,473220,559528,1315315,537448,734491,271833,556745,898748,239322,347907,92274,392359,67721,10364
94年8月,2619117,3726039,2559942,1861801,2751965,461505,1871474.0,389488,474265,559558,1315020,537345,734052,271949,556365,898611,239184,347641,92362,392084,68265,10527
94年9月,2617034,3728954,2561544,1862025,2752147,461467,1873903.0,390205,475032,559649,1314984,537265,733739,271925,556285,898466,238979,347475,92388,392012,68808,10553
94年10月,2616596,3730954,2562901,1862318,2752732,461500,1876044.0,390353,475798,559852,1315309,537228,733553,271989,556434,898435,238974,347348,92405,392014,69287,10523
94年11月,2615308,3734335,2564635,1862678,2753252,461563,1878505.0,390385,476662,559890,1315691,537270,733457,272062,556518,898446,238858,347290,92426,392099,69661,10473
94年12月,2616375,3736677,2566220,1862918,2753486,461586,1880316.0,390692,477677,559944,1315826,537168,733330,271701,557101,898300,238943,347298,92489,391727,70264,10345
95年1月,2616473,3738424,2567593,1863256,2753427,461511,1882666.0,390973,478399,560163,1315936,537345,733511,271590,557636,898329,238945,347407,92580,391553,70646,10218
95年2月,2616645,3740684,2568542,1863445,2753405,461397,1884424.0,391348,479218,560132,1315897,537409,733096,271666,557551,898204,238922,347391,92538,391462,71181,10163
95年3月,2618058,3742337,2570184,1863575,2753783,461116,1886533.0,391638,479997,559938,1315776,537153,732792,271865,557120,897724,238685,347209,92429,391319,71710,10111
95年4月,2619384,3743553,2571616,1863735,2754405,461013,1888518.0,391965,480662,559796,1315688,536979,732552,271957,556754,897308,238517,347133,92300,391215,72198,10066
95年5月,2620693,3746073,2573396,1864104,2754942,460892,1891258.0,392245,481409,559888,1315559,536653,732112,272181,556333,896778,238252,346935,92275,391051,72600,10018
95年6月,2623783,3748141,2575709,1864272,2755588,460855,1894010.0,392639,482223,559642,1315130,536190,731596,272242,555647,896213,237797,346684,92201,390996,73103,9975
95年7月,2625757,3750504,2577600,1864636,2756408,460809,1896739.0,392940,483138,559562,1314858,536002,730986,272306,555131,895744,237522,346330,92116,390951,73635,9930
95年8月,2626291,3753797,2579543,1864854,2756854,460680,1899853.0,393291,484223,559690,1314821,535833,730294,272314,554607,895018,237123,345966,92006,390911,74278,9926
95年9月,2625441,3756392,2581300,1865248,2757343,460599,1902821.0,393557,485146,559661,1314664,535552,729923,272292,554466,894630,236803,345663,91954,390844,74827,9917
95年10月,2627474,3758821,2583394,1865813,2758484,460561,1905311.0,393958,485868,559825,1314834,535485,729594,272290,554419,894363,236615,345521,91887,390875,75386,9883
95年11月,2630835,3761281,2585387,1866285,2759566,460412,1908101.0,394376,486710,559926,1314839,535372,729203,272278,554253,893903,236399,345465,91892,390848,75943,9848
95年12月,2632242,3767095,2587828,1866727,2760180,460426,1911161.0,394757,487692,559986,1315034,535205,728490,272364,553841,893544,235957,345303,91785,390633,76491,9786
96年1月,2630872,3770631,2588615,1866566,2759928,460354,1912875.0,394993,488312,559837,1314903,534997,727921,272431,553458,893124,235549,344776,91850,390631,77100,9787
96年2月,2629106,3770748,2589417,1866873,2759676,460343,1913879.0,394893,488825,559813,1315067,534927,727784,272278,553216,892522,235405,344720,91886,390495,77477,9782
96年3月,2626273,3771528,2591143,1867178,2759537,460211,1915521.0,396261,489334,559709,1314822,534724,727446,272221,552819,891915,235226,344550,91950,390412,77873,9801
96年4月,2627146,3773177,2592709,1867498,2759623,460265,1917187.0,396402,490019,559740,1314711,534530,727162,272434,552446,891587,235137,344453,92023,390455,78407,9791
96年5月,2627232,3776501,2594580,1867869,2759772,460161,1919487.0,396739,490714,559818,1314225,534186,726986,272471,552273,891058,234939,344336,92059,390380,78707,9790
96年6月,2627990,3779219,2596274,1868001,2760397,460133,1921526.0,396983,491405,559776,1313986,533903,726868,272718,551993,890753,234672,344087,92077,390299,79023,9814
96年7月,2628330,3782184,2597980,1868306,2761380,460211,1923945.0,396982,492309,559850,1314018,533899,726577,272811,551880,890573,234455,343934,92142,390229,79445,9852
96年8月,2627253,3785828,2600142,1868495,2762095,460312,1926895.0,397273,493406,559888,1313922,533782,726314,272797,551734,890227,234124,343687,92163,390185,79865,9863
96年9月,2625359,3789488,2601381,1868568,2762512,460193,1928968.0,397577,494225,559802,1313709,533494,725949,272804,551498,889806,233954,343610,92157,390188,80191,9878
96年10月,2626104,3792402,2602804,1868817,2763099,460218,1930818.0,398032,494780,559956,1313798,533731,725930,272851,551409,889793,233841,343574,92174,390310,80636,9920
96年11月,2627527,3794929,2604694,1869396,2763788,460358,1932908.0,398539,495351,560050,1314013,533709,725759,272899,551363,889698,233725,343461,92239,390339,81101,9936
96年12月,2629269,3798015,2606794,1870061,2764868,460398,1934968.0,399035,495821,560163,1314354,533717,725672,273075,551345,889563,233660,343302,92390,390397,81547,9946
97年1月,2629689,3800575,2608715,1870347,2765280,460319,1937045.0,399599,496422,560197,1314311,533607,725376,273137,551154,889319,233609,343262,92423,390216,81903,9954
97年2月,2630966,3802970,2609996,1870444,2765727,460584,1938591.0,399957,496780,560159,1314453,533501,725427,273285,550759,888905,233491,343142,92384,390084,82063,9954
97年3月,2631605,3804969,2611040,1870779,2765784,460656,1940014.0,400430,497245,560142,1314253,533320,725378,273422,550344,888504,233310,343026,92363,389915,82323,9978
97年4月,2630966,3806380,2612532,1871198,2765806,460992,1941878.0,401108,497975,559920,1313669,533170,725491,273486,549828,887914,233176,342898,92415,389730,82768,9986
97年5月,2630515,3808875,2613951,1871398,2765848,460918,1943756.0,401825,498777,559861,1313264,532883,725468,273675,549454,887275,232891,342700,92458,389600,83078,9958
97年6月,2630191,3811043,2615690,1871509,2766343,461082,1945581.0,402368,499372,559851,1313003,532762,725237,273789,549265,886786,232663,342516,92602,389443,83225,9941
97年7月,2628699,3814784,2617203,1871852,2766649,461126,1948004.0,402695,500025,559914,1312737,532615,724994,273967,549002,886514,232452,342400,92769,389213,83329,9884
97年8月,2626114,3818201,2618422,1872030,2766755,461268,1950129.0,403272,500595,559904,1312642,532422,724638,274074,548754,886193,232258,342003,92907,389134,83497,9855
97年9月,2622933,3821823,2619218,1872070,2766738,461094,1952321.0,403638,501312,559959,1312427,532074,724334,274032,548652,885640,232107,341843,92984,389087,83619,9832
97年10月,2622539,3825164,2620616,1872456,2767358,461010,1954237.0,404109,502012,560167,1312611,532034,724311,274086,548603,885443,232063,341792,93104,388976,83735,9831
97年11月,2622125,3829368,2622394,1873006,2768343,461043,1956516.0,404723,502625,560397,1312948,532059,724238,274064,548612,885316,232055,341709,93181,389035,84108,9807
97年12月,2622923,3833730,2624072,1873005,2769054,460902,1958686.0,405371,503273,560397,1312935,531753,723674,273793,548731,884838,231849,341433,93308,388979,84570,9755
98年1月,2622090,3837077,2625454,1873549,2769866,461013,1960336.0,405931,503655,560616,1313143,531810,723700,273813,548801,884852,231863,341504,93446,389067,84841,9750
98年2月,2620273,3840405,2626228,1873226,2769793,460742,1961825.0,406471,504169,560548,1312975,531733,723449,273866,548352,884484,231794,341263,93701,388787,85555,9768
98年3月,2619920,3843790,2627991,1873678,2770050,460908,1963546.0,407319,504768,560644,1312981,531630,723274,274068,548039,884067,231893,341222,93973,388764,86264,9761
98年4月,2618476,3845345,2628125,1873519,2769514,460899,1964197.0,407760,505182,560646,1312433,531514,722971,274212,547702,883662,231953,341046,94259,388697,87456,9771
98年5月,2617566,3847554,2628552,1873754,2769187,460837,1965313.0,408047,505855,560631,1312239,531244,723038,274088,547594,883384,231930,341032,94576,388693,88134,9779
98年6月,2616520,3849492,2629323,1873681,2769072,461461,1967038.0,408466,506546,560581,1312165,531307,723065,274171,547550,883075,232071,340903,94886,388703,89471,9798
98年7月,2615285,3853180,2630090,1873923,2769414,461268,1968574.0,408869,507329,560794,1312031,531177,723111,274127,547642,882921,232277,340947,95156,388684,90531,9861
98年8月,2612605,3857840,2630495,1874272,2768742,461251,1970358.0,409365,508157,560975,1311761,530941,722858,274051,547525,882601,232290,341001,95292,388624,91261,9860
98年9月,2608596,3862640,2631181,1874312,2768717,461203,1972635.0,409911,508883,561097,1311529,530755,722607,273876,547185,882511,232235,340875,95445,388476,91890,9882
98年10月,2608186,3866378,2632583,1874903,2769470,461345,1974758.0,410399,509453,561315,1311971,530769,722831,273861,547267,882575,232290,340910,95751,388542,92602,9890
98年11月,2607879,3869879,2634080,1875146,2770205,461499,1976897.0,410950,510058,561549,1312373,530891,722777,273930,547457,882796,232382,340949,95942,388496,93107,9899
98年12月,2607428,3873653,2635761,1875406,2770887,461625,1978782.0,411587,510882,561744,1312467,530824,722795,273861,547716,882640,232497,340964,96210,388321,93803,9919
99年1月,2606151,3876070,2636474,1875244,2770989,461876,1980038.0,411981,511288,561946,1312491,530875,722688,273778,547709,882339,232821,341026,96387,388136,94205,10002
99年2月,2605063,3878282,2637232,1875065,2771095,461901,1981364.0,412233,511608,561946,1312355,530705,722615,273691,547628,882191,232913,340997,96426,388017,94474,10044
99年3月,2604744,3882039,2638818,1875165,2771291,461783,1982961.0,412850,511852,561622,1311701,530198,721784,273717,546901,881385,232688,340794,96459,387624,94701,10016
99年4月,2603651,3884754,2639962,1875140,2771480,461592,1985209.0,413317,512147,561392,1311188,529767,721121,273639,546386,880550,232491,340705,96455,387207,94911,10010
99年5月,2604150,3885507,2640563,1874794,2771665,461409,1990917.0,413384,511855,561319,1310398,529321,720469,273444,545878,879746,232226,340423,96467,386757,95038,9985
99年6月,2602868,3880743,2639905,1873571,2770682,460604,2017047.0,412893,509802,559921,1308926,528283,718671,272882,544782,878062,231737,339671,96388,385869,95145,9929
99年7月,2605357,3889049,2642677,1874023,2772349,460676,2006213.0,413482,510874,560214,1308676,527940,718231,272833,544374,877109,231421,339659,96436,385532,95409,9926
99年8月,2605309,3892616,2644270,1874033,2772868,460719,2003205.0,414004,511644,560561,1308326,527774,718196,272782,544236,876181,231140,339546,96490,385388,95783,9949
99年9月,2608923,3892603,2645194,1873754,2772777,460679,2002318.0,414323,512097,560557,1307843,527299,718054,272711,543853,875379,230941,339295,96488,384954,96091,9957
99年10月,2613071,3893740,2646481,1873819,2772992,460570,2001537.0,414682,512353,560617,1307500,526911,717915,272523,543738,874696,230832,339092,96711,384590,96622,9931
99年11月,2615613,3896316,2647662,1873919,2773592,460558,2001455.0,415004,512541,560795,1307465,526732,717763,272422,543552,874081,230729,338961,96797,384296,96981,9944
99年12月,2618772,3897367,2648419,1873794,2773483,460486,2002060.0,415344,513015,560968,1307286,526491,717653,272390,543248,873509,230673,338805,96918,384134,97364,9944
100年1月,2622883,3897421,2649311,1873406,2773433,460368,2002424.0,415557,513220,561016,1306789,526179,717131,272320,542832,872893,230513,338634,96926,383680,97733,9959
100年2月,2624791,3897888,2649892,1873176,2772929,460220,2002480.0,415797,513513,560890,1306423,525940,716827,272234,542288,872262,230314,338481,96854,383352,97969,9937
100年3月,2627677,3898230,2651152,1872933,2772834,460036,2002925.0,416191,513838,560802,1305744,525553,716457,272181,541637,871462,230140,338276,96789,382865,98186,9970
100年4月,2630285,3900199,2652435,1873193,2772981,459746,2003618.0,416426,514228,560791,1305243,525286,716101,272218,541148,870567,229949,338048,96676,382551,98641,9991
100年5月,2633044,3901959,2653698,1873368,2772850,459505,2004407.0,416962,514728,560766,1304675,524845,715770,272176,540664,869617,229703,337758,96628,382136,99278,9991
100年6月,2635766,3903745,2655456,1874724,2772461,459349,2005795.0,417335,515044,560813,1304216,524426,715288,272128,540059,868827,229420,337557,96597,381770,99691,10010
100年7月,2637866,3906117,2657253,1875491,2772647,459358,2007536.0,417554,515619,560940,1304097,524126,714876,271994,539667,868138,229199,337382,96658,381321,100248,9991
100年8月,2639064,3908632,2658735,1875637,2772838,459347,2008845.0,417966,516143,561226,1303741,523805,714539,271960,539162,867113,228890,337193,96642,381056,101094,10010
100年9月,2640099,3910086,2659828,1876031,2773157,459332,2010168.0,418534,516650,561295,1303192,523491,714245,271758,538779,866145,228631,336978,96779,380647,102064,10058
100年10月,2643136,3911833,2661290,1876312,2773526,459296,2010987.0,418927,517114,561523,1303054,523176,714078,271644,538436,865515,228454,336885,97007,380501,102827,10084
100年11月,2647122,3913595,2662770,1876706,2773855,459227,2012174.0,419384,517309,561833,1303062,522963,713756,271594,538209,864979,228430,336836,97091,380281,103340,10104
100年12月,2650968,3916451,2664394,1876960,2774470,459061,2013305.0,420052,517641,562010,1303039,522807,713556,271526,537942,864529,228290,336838,97157,379927,103883,10106
101年1月,2652959,3917945,2665613,1877115,2774925,459018,2014216.0,420342,517853,562164,1302754,522562,713295,271524,537628,864081,228118,336733,97248,379742,104538,10133
101年2月,2653948,3919597,2666925,1877397,2774831,458792,2015012.0,420588,518371,562190,1302193,522201,712989,271549,537072,863540,227934,336621,97268,379416,105434,10135
101年3月,2656512,3920761,2668799,1877778,2774586,458611,2015933.0,421041,518831,562259,1301506,521902,712747,271464,536373,862946,227772,336485,97452,379021,106358,10131
101年4月,2658685,3921580,2670395,1878077,2774649,458479,2017262.0,421432,519181,562372,1301053,521804,712529,271595,535845,862363,227578,336318,97612,378886,107198,10125
101年5月,2661017,3923969,2672390,1878314,2774730,458511,2018663.0,422013,519704,562507,1300589,521452,712102,271695,535353,861928,227400,336076,97639,378522,107646,10172
101年6月,2663263,3926188,2674359,1878795,2775482,458616,2020103.0,422554,520234,562684,1300618,521218,711887,271689,535045,861373,227194,336020,97724,378301,108147,10253
101年7月,2664487,3928418,2675939,1879022,2775734,458514,2021677.0,422883,520776,562762,1300223,520992,711538,271588,534686,860759,227014,335794,97947,378032,108963,10624
101年8月,2665602,3930638,2677876,1879506,2776204,458550,2024100.0,423318,521578,562888,1299734,520640,711394,271399,534387,860044,226778,335522,98017,377744,109728,10794
101年9月,2665832,3933061,2679172,1879644,2776550,458432,2025716.0,423692,522376,563013,1299446,520374,711041,271339,534178,859423,226621,335331,98104,377537,110851,10937
101年10月,2668231,3935072,2681041,1880360,2777128,458438,2027097.0,424099,522855,563300,1299606,520289,711183,271288,533985,859066,226513,335288,98612,377309,111775,11058
101年11月,2671006,3937149,2683066,1881026,2777897,458548,2028628.0,424533,523333,563660,1299692,520278,711000,271283,533933,858739,226383,335223,98745,377259,112444,11196
101年12月,2673226,3939305,2684893,1881645,2778659,458595,2030161.0,425071,523993,563976,1299868,520196,710991,271220,533723,858441,226252,335190,98843,377153,113111,11310
102年1月,2675033,3941239,2687052,1881905,2778798,458599,2031837.0,425450,524559,564223,1299724,520043,710829,271256,533404,857939,226093,334989,98927,377021,113755,11417
102年2月,2676128,3942202,2688216,1882118,2779096,458599,2032848.0,425702,524920,564343,1299549,519921,710574,271195,533106,857569,226047,334991,98919,376856,114191,11512
102年3月,2677771,3942882,2689659,1882369,2778936,458599,2033634.0,426145,525327,564386,1299274,519733,710269,271240,532541,857017,225898,334872,99032,376659,114867,11595
102年4月,2679051,3943421,2690837,1882475,2778793,458552,2034381.0,426464,525825,564354,1298913,519426,709814,271338,531949,856522,225834,334712,99117,376564,115601,11637
102年5月,2680296,3944955,2692563,1882352,2778920,458582,2035552.0,426856,526438,564492,1298286,519055,709698,271312,531492,855733,225558,334513,99241,376372,116168,11702
102年6月,2681554,3945789,2693892,1882526,2779092,458602,2036708.0,427050,526920,564647,1297968,518738,709491,271291,531026,855345,225407,334468,99276,376082,116570,11771
102年7月,2682372,3947608,2695353,1882620,2779416,458636,2038147.0,427137,527609,564806,1297666,518531,709202,271223,530718,854789,225270,334302,99387,375834,117229,11869
102年8月,2682017,3949765,2696712,1882774,2779448,458648,2039557.0,427265,528376,565023,1297167,518312,708864,271260,530365,854226,225137,334128,99462,375755,117845,11955
102年9月,2681584,3951381,2697665,1882803,2779246,458580,2040629.0,427561,529175,565107,1296660,517984,708574,271106,530004,853607,224989,334039,99516,375413,118924,12041
102年10月,2682839,3952335,2698811,1882777,2779427,458558,2041544.0,427850,529554,565252,1296420,517701,708373,270969,529750,853130,224936,334014,100090,375204,119534,12079
102年11月,2684567,3953858,2700300,1883114,2779563,458514,2042668.0,428080,530004,565369,1296160,517460,708044,270934,529568,852837,224875,333961,100233,375063,120037,12111
102年12月,2686516,3954929,2701661,1883208,2779877,458456,2044023.0,428483,530486,565554,1296013,517222,707792,270872,529229,852286,224821,333897,100400,374914,120713,12165
103年1月,2688140,3955777,2702920,1883251,2779790,458378,2044857.0,428834,530882,565661,1295658,517037,707389,270941,528825,851774,224738,333823,100585,374799,121261,12195
103年2月,2689327,3955842,2704070,1883033,2779653,458312,2045309.0,429018,531303,565666,1295375,516731,707188,271072,528148,851432,224753,333653,100609,374658,121749,12228
103年3月,2690232,3955390,2705064,1883077,2778669,458427,2045811.0,429212,531723,565693,1294911,516315,706958,271103,527721,851127,224675,333639,100812,374428,122296,12311
103年4月,2691331,3954905,2706209,1883102,2778132,458550,2046547.0,429420,532474,565965,1294433,516207,707151,271063,527470,850931,224803,333694,100994,374269,122956,12342
103年5月,2692138,3955995,2707123,1882865,2777415,458568,2047834.0,429654,533361,566262,1293997,515996,707199,270983,527196,850693,224905,333668,101156,373998,123512,12365
103年6月,2693672,3956728,2708338,1883042,2777296,458771,2049009.0,430041,533851,566446,1293530,515784,707282,270841,526936,850527,225041,333630,101112,373786,123947,12426
103年7月,2695027,3957965,2709764,1882946,2777240,458786,2050600.0,430295,534493,566704,1293129,515564,707199,270818,526735,850166,225170,333707,101176,373702,124616,12461
103年8月,2695007,3959855,2711252,1883451,2777318,458877,2052529.0,430644,535307,566818,1292599,515345,706941,270885,526469,849794,225061,333733,101110,373721,125089,12438
103年9月,2695649,3961374,2712948,1883493,2777461,458784,2054260.0,431029,536111,566918,1292126,515081,706688,270826,526028,849326,224931,333531,101482,373597,126156,12481
103年10月,2697644,3962920,2714642,1883562,2777773,458799,2055259.0,431336,536539,567044,1292098,514894,706634,270779,525775,849113,224807,333413,101548,373463,126562,12512
103年11月,2700091,3963970,2716497,1883844,2778155,458880,2056273.0,431601,536954,567202,1292226,514836,706174,270858,525579,848804,224719,333484,101636,373340,126964,12528
103年12月,2702315,3966818,2719835,1884284,2778992,458777,2058328.0,431988,537630,567132,1291474,514315,705356,270883,524783,847917,224470,333392,101758,373077,127723,12506
104年1月,2704133,3967571,2721709,1884641,2779355,458691,2061501.0,432259,537907,567092,1291312,513970,704784,270925,524276,847155,224218,333240,101803,373011,128187,12538
104年2月,2705113,3967419,2723479,1884863,2779527,458490,2065966.0,432366,537978,567004,1291053,513696,704241,270875,523835,846650,224092,333070,101850,372956,128477,12534
104年3月,2705958,3965649,2725497,1885106,2779136,458370,2072736.0,432456,538071,566585,1290495,513092,703407,270867,523162,845779,223831,332837,101856,372969,128924,12504
104年4月,2705949,3964888,2727460,1885287,2778914,458273,2077929.0,432559,538153,566199,1289792,512460,702881,271009,522587,845079,223559,332674,101842,372985,129423,12485
104年5月,2705921,3965926,2729291,1885240,2778793,458250,2082165.0,432692,538712,565795,1289506,511940,702304,270958,522065,844445,223326,332472,101838,372791,129639,12476
104年6月,2706030,3966052,2731500,1885376,2778835,458313,2086081.0,432860,539173,565704,1289274,511518,701898,270896,521591,843981,223189,332424,101753,372787,129831,12496
104年7月,2703444,3966071,2733761,1885077,2778276,458299,2089553.0,432966,539620,565300,1288930,511060,701280,270732,521186,843522,223025,332242,101777,372620,130461,12506
104年8月,2701571,3966533,2736813,1885079,2777948,458375,2092977.0,433091,540193,564855,1288529,510632,700846,270656,520910,842976,222967,332091,101734,372604,131099,12524
104年9月,2700115,3967483,2738553,1885037,2777870,458261,2096432.0,433348,540605,564549,1288295,510094,700437,270473,520670,842425,222910,332026,102204,372511,131905,12545
104年10月,2701514,3968921,2740634,1885175,2778249,458078,2099583.0,433581,541078,564305,1288346,509911,700127,270396,520424,842097,222708,332063,102279,372355,132269,12547
104年11月,2702809,3969855,2742503,1885390,2778512,458070,2102513.0,433774,541527,564111,1288696,509738,699793,270415,520119,841669,222645,332033,102317,372226,132532,12546
104年12月,2704810,3970644,2744445,1885541,2778918,458117,2105780.0,434060,542042,563912,1289072,509490,699633,270366,519839,841253,222452,331945,102304,372105,132799,12547
105年1月,2704974,3971250,2746112,1885550,2778729,458037,2108786.0,434258,542513,563489,1289295,509162,699236,270273,519482,840931,222244,331845,102355,372019,132995,12533
105年2月,2704410,3971660,2747561,1885453,2778574,457995,2111148.0,434279,542821,563084,1289209,508586,698753,270297,519045,840408,222118,331801,102336,371914,132960,12523
105年3月,2704495,3970790,2748799,1885157,2778240,457854,2114172.0,434492,543183,562473,1288945,508146,698187,270264,518507,839760,221974,331633,102332,371882,132998,12530
105年4月,2703829,3971000,2750322,1885252,2778107,457815,2116988.0,434674,543600,562133,1288923,507852,697752,270463,518026,839339,221817,331498,102369,372037,133086,12522
105年5月,2702930,3972003,2752413,1885199,2777784,457811,2120838.0,434955,544198,561755,1288776,507421,697318,270295,517698,839001,221633,331379,102396,371878,133150,12518
105年6月,2702925,3972204,2754191,1885388,2778092,457808,2124339.0,435238,544624,561495,1288803,507210,697105,270254,517339,838584,221504,331372,102329,371837,133185,12536
105年7月,2701645,3973655,2756256,1885629,2778285,457746,2128594.0,435488,545204,561138,1288970,506966,696691,270125,517224,838166,221408,331323,102357,371901,133448,12531
105年8月,2698591,3974278,2758136,1885601,2778318,457788,2132854.0,435805,545674,560745,1288345,506530,696315,269992,516915,837700,221324,331332,102406,371986,133656,12550
105年9月,2696316,3974911,2759887,1885499,2778332,457671,2136702.0,436220,546272,560271,1287665,506052,695925,269890,516531,837048,221199,331223,102880,372019,134419,12586
105年10月,2696319,3976313,2762699,1885603,2778375,457599,2140392.0,436490,546672,559886,1287450,505660,695628,269804,516218,836699,221098,331065,102992,372048,134687,12598
105年11月,2695652,3977905,2764958,1885653,2778770,457587,2144044.0,436877,546934,559557,1287165,505371,695195,269815,515835,836243,220942,330930,103104,372062,134858,12608
105年12月,2695704,3979208,2767239,1886033,2779371,457538,2147763.0,437337,547481,559189,1287146,505163,694873,269874,515320,835792,220802,330911,103263,372100,135114,12595
106年1月,2695371,3979963,2769005,1886075,2779332,457349,2150685.0,437753,547794,558779,1286842,504838,694519,269879,515012,835409,220712,330810,103303,372044,135223,12649
106年2月,2694195,3980317,2770356,1886160,2779052,457323,2153521.0,438018,548090,558373,1286346,504561,693987,269828,514717,834807,220632,330691,103281,372049,135235,12650
106年3月,2693313,3980414,2772118,1886368,2778726,457205,2156999.0,438322,548418,557741,1285885,504098,693525,269938,514134,834191,220465,330484,103343,371973,135342,12678
106年4月,2692118,3980867,2773527,1886636,2778734,457093,2160035.0,438524,548660,557225,1285450,503862,693209,269949,513772,833602,220244,330343,103385,372086,135440,12687
106年5月,2690813,3982268,2775294,1886473,2778415,457133,2163728.0,438863,549118,556638,1284785,503575,692818,269793,513393,832994,220191,330139,103434,371981,135535,12696
106年6月,2689845,3982434,2776579,1886502,2778023,457106,2167616.0,439299,549580,556324,1284423,503261,692570,269717,513082,832489,220083,329976,103406,371876,135563,12716
106年7月,2687629,3984051,2778182,1886267,2777873,456985,2171127.0,439435,550070,555972,1284045,502932,692074,269608,512792,832127,219974,329845,103419,371853,135816,12727
106年8月,2685202,3984720,2780155,1886145,2777564,456904,2174895.0,439747,550621,555485,1283426,502482,691673,269427,512548,831629,219879,329676,103412,371819,136004,12756
106年9月,2682893,3984975,2781498,1886088,2777021,456851,2178458.0,440098,551201,555049,1282991,502095,691348,269338,512064,831073,219716,329531,103843,371758,136812,12766
106年10月,2683202,3985698,2783298,1886387,2776791,456756,2181470.0,440409,551447,554652,1282934,501757,691021,269364,511797,830697,219686,329462,103956,371669,137042,12823
106年11月,2683321,3986291,2785159,1886465,2776846,456688,2184655.0,440717,551816,554267,1282669,501474,690662,269338,511520,830303,219627,329374,104005,371560,137255,12841
106年12月,2683257,3986689,2787070,1886522,2776912,456607,2188017.0,441132,552169,553807,1282458,501051,690373,269398,511182,829939,219540,329237,104073,371458,137456,12880
107年1月,2682721,3986348,2788828,1886251,2776786,456362,2191034.0,441639,552334,553245,1281940,500686,689861,269345,510806,829475,219467,329016,104105,371317,137577,12906
107年2月,2681375,3986501,2790381,1886074,2776366,456259,2193098.0,441817,552488,552807,1281304,500449,689463,269327,510498,829094,219436,328853,104087,371204,137625,12902
107年3月,2680218,3986382,2792164,1885882,2775935,456068,2196349.0,442315,552877,552161,1280528,500103,689098,269307,510018,828654,219466,328695,104086,371119,137642,12923
107年4月,2678695,3985915,2793005,1885478,2775318,456066,2198830.0,442570,553250,551791,1280038,499879,689003,269239,509677,828524,219628,328683,104121,371099,137730,12958
107年5月,2676767,3986911,2793980,1884935,2774323,456047,2202034.0,443038,553978,551337,1279460,499531,688781,269091,509360,828463,219744,328721,104107,370944,137860,13003
107年6月,2675713,3987520,2794933,1884717,2773932,456006,2204824.0,443351,554541,551082,1279276,499194,688717,268951,509161,828275,219643,328749,104013,370795,137837,13044
107年7月,2674063,3988906,2796081,1884596,2773506,455924,2208035.0,443581,555074,550825,1278945,498851,688559,268973,508729,828083,219584,328709,104041,370612,137952,13076
107年8月,2672092,3990211,2797223,1884327,2773093,455758,2211127.0,443969,555604,550386,1278568,498425,688081,268809,508372,827599,219489,328601,103976,370461,138026,13074
107年9月,2669639,3991411,2797874,1884036,2772820,455592,2213379.0,444406,556056,550085,1278311,498117,687646,268699,508038,827051,219342,328444,104392,370368,138724,13058
107年10月,2669874,3992291,2799254,1883804,2772624,455508,2215615.0,444775,556307,549798,1278437,497876,687195,268741,507780,826779,219268,328331,104400,370269,138845,13062
107年11月,2669634,3993872,2801238,1883760,2773001,455376,2217776.0,445107,556622,549405,1278371,497486,686674,268697,507462,826323,219145,328264,104441,370206,138963,13042
107年12月,2668572,3995717,2803894,1883831,2773533,455221,2220872.0,445635,557010,548863,1277824,497031,686022,268622,507068,825406,218919,327968,104440,370155,139273,13056
108年1月,2666908,3997189,2806406,1883723,2773607,455035,2223733.0,445990,557349,548403,1277176,496606,685354,268579,506559,824587,218691,327788,104511,369987,139484,13079
108年2月,2664983,3998358,2807325,1883448,2773596,454922,2225621.0,446210,557641,548124,1276766,496435,684759,268543,506206,823952,218513,327654,104533,369916,139426,13073
108年3月,2663425,3998883,2808219,1883356,2773271,454770,2228118.0,446567,558020,547692,1276289,496167,684241,268502,505785,823256,218256,327513,104574,369848,139387,13053
108年4月,2661317,4000164,2809004,1883078,2773229,454732,2230653.0,446701,558507,547387,1275669,495891,683898,268474,505408,822709,218119,327349,104683,369820,139464,13056
108年5月,2658615,4003297,2809545,1882624,2773026,454725,2232623.0,447081,559317,547037,1275111,495546,683589,268514,505035,822270,217936,327080,104751,369613,139440,13095
108年6月,2657652,4004598,2810219,1882313,2773177,454706,2235005.0,447359,559734,546690,1274724,495283,683318,268435,504750,821834,217721,326986,104676,369475,139281,13095
108年7月,2654008,4007814,2811148,1881796,2773591,454636,2237943.0,447484,560719,546461,1274274,495084,682912,268231,504453,821196,217540,326813,104708,369360,139365,13062
108年8月,2650154,4010657,2811729,1881730,2773786,454579,2240328.0,447781,561806,546424,1273613,495062,682577,268068,504106,820798,217408,326780,104711,369305,139319,13073
108年9月,2647164,4012918,2812507,1881494,2773199,454345,2242685.0,447952,562674,546093,1273130,494692,682066,267863,503773,820155,217166,326576,105152,369132,139987,13060
108年10月,2646204,4014560,2813397,1881204,2773127,454287,2245059.0,448207,563104,545852,1272939,494522,681834,267772,503485,819793,217074,326465,105192,369055,140045,13089
108年11月,2645293,4016477,2814224,1881156,2773060,454226,2246893.0,448472,563368,545645,1272789,494352,681584,267733,503357,819429,216966,326369,105236,368905,140149,13093
108年12月,2645041,4018696,2815261,1880906,2773198,454178,2249037.0,448803,563933,545459,1272802,494112,681306,267690,503113,819184,216781,326247,105207,368893,140185,13089
109年1月,2642877,4020572,2815704,1880216,2774571,454161,2250954.0,449113,564296,545433,1272449,493984,680963,267653,502718,818493,216633,326063,105147,368932,140253,13080
109年2月,2639084,4022450,2816052,1879647,2774316,454099,2252835.0,449251,564832,545158,1271761,493743,680448,267598,502385,817803,216453,325857,105121,368870,140081,13059
109年3月,2635286,4023620,2816667,1879115,2773984,453951,2254363.0,449425,565272,544762,1271015,493403,680050,267472,502007,817193,216308,325706,105117,368792,139951,13034
109年4月,2631083,4024539,2816741,1878845,2773401,453915,2255753.0,449593,565851,544548,1270521,493138,679635,267432,501774,816636,216164,325582,105070,368850,139804,13045
109年5月,2626385,4026407,2816494,1878253,2772834,453970,2256665.0,449806,566434,544339,1269953,492877,679468,267203,501376,816173,216045,325453,105022,368686,139683,13036
109年6月,2624143,4026646,2816917,1877891,2771846,453891,2258099.0,450021,566998,544135,1269791,492733,679273,267034,501212,815789,215940,325271,105028,368528,139588,13049
109年7月,2620037,4027481,2816792,1877294,2770654,453760,2260043.0,450113,567807,543803,1269395,492410,678896,266833,500897,815367,215768,325058,105174,368372,139628,13123
109年8月,2615642,4028324,2816819,1876829,2769434,453646,2262440.0,450288,568516,543711,1268766,492168,678589,266668,500654,814895,215674,325018,105277,368184,139703,13089
109年9月,2610762,4029205,2816779,1876364,2767931,453452,2264231.0,450617,569199,543513,1267988,491743,678064,266442,500316,814210,215483,324804,105794,368020,140329,13132
109年10月,2608332,4029920,2817547,1875909,2767383,453309,2265940.0,450793,569565,543287,1267786,491546,677669,266251,500117,813676,215468,324602,105912,367890,140420,13149
109年11月,2605369,4030594,2818670,1875378,2766752,453246,2267070.0,451033,570065,542985,1267339,491241,677293,266076,499881,813176,215351,324501,105907,367740,140490,13199
109年12月,2602418,4030954,2820787,1874917,2765932,453087,2268807.0,451412,570775,542590,1266670,490832,676873,266005,499481,812658,215261,324372,105952,367577,140597,13279
110年1月,2597635,4029774,2820943,1873755,2764291,452941,2269216.0,451655,570982,542127,1265654,490399,676219,265852,498894,811978,215113,324074,105913,367379,140536,13303
110年2月,2592878,4029493,2821464,1873043,2763057,452751,2269948.0,451757,571291,541914,1264897,490001,675673,265751,498499,811275,214983,323929,105908,367269,140511,13296
110年3月,2586660,4028474,2821322,1871961,2761462,452497,2270689.0,451868,571774,541460,1263635,489509,675074,265560,498031,810449,214745,323666,105867,367178,140406,13336
110年4月,2581006,4027730,2820979,1871224,2760028,452355,2270971.0,452229,572422,541226,1262673,489148,674622,265416,497641,809765,214599,323441,105905,367088,140325,13403
110年5月,2574704,4026019,2820114,1870343,2758494,452334,2270939.0,452450,572872,540917,1261770,488689,674152,265234,497172,809130,214428,323252,105749,366643,140228,13437
110年6月,2570090,4023634,2819930,1869610,2757205,452151,2271969.0,452619,573243,540587,1261272,488337,673766,265046,496756,808631,214274,323101,105693,366196,139975,13424
110年7月,2562738,4021398,2819081,1868739,2755491,451946,2272459.0,452807,573385,540312,1260388,487743,673309,264721,496440,807970,214132,322836,105634,365891,139764,13449
110年8月,2553798,4019898,2818139,1867554,2753530,451635,2272976.0,452781,573858,539879,1259246,487185,672557,264858,495662,807159,213956,322506,105645,365591,140004,13420
110年9月,2544720,4017632,2816393,1866073,2751317,451422,2272812.0,452882,574512,539361,1257992,486455,671686,265002,494868,806305,213818,322260,106036,365117,140856,13429
110年10月,2538299,4014869,2815477,1864799,2749293,451175,2272663.0,452844,574806,538940,1257033,485983,671182,265208,494293,805717,213718,321971,106147,364766,141180,13516
110年11月,2531659,4011586,2814422,1863435,2746939,450944,2272452.0,452665,575131,538568,1256062,485479,670664,264954,493855,805177,213534,321697,106310,364350,141327,13577
110年12月,2524393,4008113,2813490,1862059,2744691,450692,2272391.0,452640,575580,538178,1255330,484897,670132,264727,493316,804440,213386,321358,106340,363977,141539,13645
111年1月,2514425,4003812,2812308,1860379,2742032,450406,2271637.0,452586,575754,537817,1254308,484422,669354,264544,492676,803787,213296,321063,106296,363594,141505,13665
111年2月,2504597,3999305,2810285,1858650,2738002,450080,2269997.0,452055,575923,537428,1252997,483980,668722,264344,492203,803023,213172,320854,106225,363091,141181,13662
111年3月,2490445,3989880,2806385,1855449,2731782,449435,2266913.0,451689,575746,536585,1250631,482841,667667,263821,491507,801914,213032,320405,106174,362239,140740,13711
111年4月,2478124,3975803,2801069,1852429,2726087,448963,2263430.0,450494,575682,535780,1248262,481943,666655,263202,490824,801377,212959,319842,106216,361612,140510,13752
111年5月,2470599,3972841,2799312,1851483,2724134,448933,2262765.0,450347,576027,535414,1247683,481670,666425,262983,490423,801201,212924,319351,106238,361320,140323,13782
111年6月,2464452,3972271,2799339,1850865,2723177,448856,2264082.0,450464,576373,535260,1247630,481166,665971,262844,490007,800321,212804,319180,106167,361079,140147,13823
111年7月,2462482,3974683,2800981,1850735,2722904,448971,2266824.0,450655,577026,535221,1246924,480890,665750,262659,489814,800138,212891,319095,106221,361082,140229,13889
111年8月,2461695,3976840,2802690,1850880,2722713,449050,2269400.0,450836,577674,535243,1246388,480477,665376,262606,489509,799658,212824,319024,106376,361099,140294,13902
111年9月,2460932,3979218,2804081,1850687,2722716,448945,2271464.0,450893,578495,535187,1245530,480027,664963,262501,489169,799153,212721,318858,106806,361006,140843,13938
111年10月,2465610,3982363,2806458,1850955,2723495,449012,2273968.0,451203,578949,535149,1245445,479889,664604,262591,488920,798965,212712,318849,106891,361114,140938,13976
111年11月,2472547,3987676,2809728,1851545,2725200,448939,2276998.0,451690,579600,535159,1245318,479743,664417,262705,488543,798860,212636,318848,107057,361262,141133,13989
111年12月,2480681,3995551,2814459,1852997,2728137,449062,2281464.0,452473,580503,535132,1245239,479595,664092,262924,488158,798703,212551,318892,107223,361526,141295,13983
112年1月,2488043,4004367,2819798,1855092,2731635,449391,2286942.0,452928,582228,535259,1245824,479666,663981,263188,488012,798940,212511,318995,107322,361891,141965,13990
112年2月,2490133,4008245,2822543,1855655,2732598,449418,2289927.0,453120,583337,535076,1244993,479406,663294,263270,487542,798367,212331,318863,107276,362010,142163,13983
112年3月,2494813,4013659,2826230,1856642,2733964,449510,2293509.0,453536,584454,534910,1244148,479244,662813,263440,487092,798016,212259,318736,107333,362177,142455,13989
112年4月,2498488,4017745,2828813,1857292,2734893,449624,2296333.0,453824,584832,534832,1243659,479044,662550,263585,486774,797771,212196,318692,107397,362325,142717,13988
112年5月,2501988,4021983,2831323,1858092,2735456,449711,2299339.0,454176,585568,534739,1243048,478817,662109,263639,486418,797471,212087,318511,107401,362330,142885,13993
112年6月,2504687,4025405,2834046,1858444,2736019,449705,2302465.0,454603,586299,534677,1242521,478462,661767,263707,486229,797291,212008,318306,107312,362396,142942,13992
112年7月,2507143,4031256,2837555,1859229,2737298,449976,2306565.0,455069,587065,534968,1242512,478334,661576,263810,486049,796936,211933,318165,107331,362539,143109,14005
112年8月,2506788,4034102,2839768,1859728,2737582,450095,2309770.0,455228,587580,535055,1241764,477993,661107,263836,485681,796506,211807,318087,107363,362496,143290,14028
112年9月,2506251,4036911,2841225,1859842,2737261,450031,2311870.0,455510,588183,535011,1240871,477691,660545,263750,485410,796114,211681,317881,107701,362548,143964,14049
112年10月,2508658,4038948,2842926,1859927,2737660,450034,2314027.0,455860,588535,534829,1240284,477558,660144,263695,485202,795786,211613,317773,107808,362487,144033,14071
112年11月,2509894,4039946,2844250,1859776,2737608,449963,2315727.0,456116,588906,534677,1239614,477326,659841,263596,484892,795417,211550,317643,107761,362354,144080,14071
112年12月,2511886,4041120,2845909,1859946,2737941,449890,2317445.0,456475,589289,534575,1239048,477094,659468,263584,484560,794997,211544,317489,107739,362255,144149,14039
113年1月,2511291,4041869,2847264,1859800,2737530,449767,2319118.0,456535,589788,534432,1237760,476675,659564,263369,483902,794514,211357,317252,107745,362094,144173,14034
